#timeStamp, IdProvider, state, TrustAverage
2,0,0.7011161916087233
2,1,0.6996233152909758
2,2,0.6999128540813355
2,3,0.7009189094035011
2,4,0.6935660907036074
2,5,0.6957130276637561
2,6,0.7015877434458759
2,7,0.7008767412869011
2,8,0.3279965966183155
2,9,0.6971666621415988
2,10,0.6854463708563054
2,11,0.6807397839364165
2,12,0.7043811492917709
2,13,0.7068749047913815
2,14,0.6904296798351682
2,15,0.69855772445381
2,16,0.71076969278051
2,17,0.7096150633140089
2,18,0.6905418021853228
2,19,0.6910110100871301
3,0,0.7173327836890133
3,1,0.720906077177238
3,2,0.7194038180398631
3,3,0.7254526497760598
3,4,0.7254515126837772
3,5,0.7151176249138018
3,6,0.72920457884587
3,7,0.7148300755112995
3,8,0.29877458430449727
3,9,0.7257993090620711
3,10,0.7114732187762578
3,11,0.7034825094360314
3,12,0.7347700697786579
3,13,0.7265737110164573
3,14,0.7086614745578784
3,15,0.7143502795314964
3,16,0.7333204367227335
3,17,0.7184920040513382
3,18,0.7234344306927921
3,19,0.7023837247864251
4,0,0.7426091608456855
4,1,0.7297656425988861
4,2,0.7375135791078341
4,3,0.7353578642525327
4,4,0.7335736076605345
4,5,0.740254208876147
4,6,0.7509370998937371
4,7,0.7244646419614044
4,8,0.28753190992923455
4,9,0.7411870206094688
4,10,0.7207376091557185
4,11,0.7209235790008853
4,12,0.7405135242366205
4,13,0.7421934923660826
4,14,0.7178717256465384
4,15,0.7334544380854564
4,16,0.7432961934883282
4,17,0.7380825113426812
4,18,0.7305003691593637
4,19,0.7178811158755645
5,0,0.7458117009888077
5,1,0.7484501167675824
5,2,0.7556606930471907
5,3,0.7581361656256158
5,4,0.7447823807098549
5,5,0.7494910204550513
5,6,0.7610078931669668
5,7,0.7323769134720539
5,8,0.2602615070742743
5,9,0.7498978915011704
5,10,0.7314991458200866
5,11,0.7386831410869614
5,12,0.7546503558957033
5,13,0.7573226929190775
5,14,0.7333835242014644
5,15,0.7503599193710712
5,16,0.7480669275186299
5,17,0.7493701082872863
5,18,0.740316966973421
5,19,0.7430769194542739
6,0,0.7619789713192092
6,1,0.7692462739453927
6,2,0.7714546217122562
6,3,0.770737296999309
6,4,0.7491291015117056
6,5,0.7632539974776139
6,6,0.7696851238190704
6,7,0.7475396359230472
6,8,0.24872829848900344
6,9,0.7628017539299623
6,10,0.7448586093417054
6,11,0.7571556353639847
6,12,0.7724098291635825
6,13,0.7753168662797366
6,14,0.7445463819732293
6,15,0.7624146822341659
6,16,0.7673888813677293
6,17,0.7550560578554187
6,18,0.752864745012452
6,19,0.7593311947660024
7,0,0.7841245124248019
7,1,0.7707180803584617
7,2,0.783108865195708
7,3,0.7801122439686585
7,4,0.7546429566401747
7,5,0.7754268577265874
7,6,0.7774708391743429
7,7,0.7579858946800356
7,8,0.24634492149022189
7,9,0.7711146104739304
7,10,0.7576645150414412
7,11,0.7689215259226887
7,12,0.7767273619036291
7,13,0.7896419012084532
7,14,0.7513136964286812
7,15,0.7836690564698355
7,16,0.7805326813948237
7,17,0.7677462035089998
7,18,0.7637086150712751
7,19,0.7721866740296001
8,0,0.788715827655005
8,1,0.7839309667780178
8,2,0.7928295323912731
8,3,0.7899055011615708
8,4,0.7690897387855132
8,5,0.7846307955323767
8,6,0.7915755177229525
8,7,0.7722691577611877
8,8,0.24500015939517922
8,9,0.7829803421353495
8,10,0.7716214369758918
8,11,0.777188907020926
8,12,0.792897905878332
8,13,0.7984085539834147
8,14,0.7679691587272511
8,15,0.7923378318225504
8,16,0.79304584319682
8,17,0.7738966999196973
8,18,0.7661462424300026
8,19,0.7836887429186364
9,0,0.7926556421216796
9,1,0.7929294517970313
9,2,0.8081459029351867
9,3,0.8012290910946099
9,4,0.784467298124792
9,5,0.7935339268085656
9,6,0.79536600231485
9,7,0.7864183537852691
9,8,0.2394743841200033
9,9,0.7939979453236629
9,10,0.7821204483156234
9,11,0.79404936049442
9,12,0.8073681921673064
9,13,0.8046785510371135
9,14,0.7818515502321821
9,15,0.8027268002432218
9,16,0.8013056773315412
9,17,0.7884970465309424
9,18,0.7769086363794867
9,19,0.7921345925228691
10,0,0.8017956595508487
10,1,0.7994470120570135
10,2,0.8192532472413223
10,3,0.8084773001738119
10,4,0.798814512582383
10,5,0.8071829741582717
10,6,0.8033482830596792
10,7,0.7984076874518198
10,8,0.23123138906741508
10,9,0.7997903634570824
10,10,0.787391183809326
10,11,0.7970768108746239
10,12,0.8212011626520477
10,13,0.8187074376168777
10,14,0.7963114351835635
10,15,0.8127620904967966
10,16,0.8158163202180042
10,17,0.8023677527548753
10,18,0.7850088791155413
10,19,0.8023401999711856
11,0,0.8109265827723278
11,1,0.8084528780257406
11,2,0.825010468918011
11,3,0.8153238708406875
11,4,0.8091163099741395
11,5,0.8133521746083955
11,6,0.8110511651862271
11,7,0.8100655527015506
11,8,0.2228140012968326
11,9,0.8082921819760334
11,10,0.7923098237846524
11,11,0.8081035571078319
11,12,0.8312411980401522
11,13,0.8260568329364953
11,14,0.8033668083346815
11,15,0.8226059593871646
11,16,0.8215289564805417
11,17,0.8178446926303883
11,18,0.803049543269762
11,19,0.8138469919400378
12,0,0.8232444385606305
12,1,0.818871518679824
12,2,0.8357397136351079
12,3,0.8257823057611423
12,4,0.8174645989270859
12,5,0.820267675237452
12,6,0.8185188328619413
12,7,0.8226679524174045
12,8,0.2205220926154166
12,9,0.8259641263109319
12,10,0.8008260296888465
12,11,0.8199439151362738
12,12,0.8389311622545716
12,13,0.8341601552029381
12,14,0.8168321790921541
12,15,0.8341714065302108
12,16,0.8300277544182856
12,17,0.8336213124620344
12,18,0.8175519703968364
12,19,0.8240144542052725
13,0,0.8298151908682824
13,1,0.8368783718442585
13,2,0.8437649789345484
13,3,0.8400640958531793
13,4,0.8254320280491546
13,5,0.8247099115875538
13,6,0.8281294815868488
13,7,0.8305848759176638
13,8,0.21325402354791667
13,9,0.8354449244249528
13,10,0.8070583182712945
13,11,0.8337967387999
13,12,0.8435405472483992
13,13,0.8430898978036779
13,14,0.828039852278672
13,15,0.8376187525368015
13,16,0.8417418337174511
13,17,0.8449956323667306
13,18,0.8231523237288049
13,19,0.835234092752295
14,0,0.8380310784240238
14,1,0.8439604804646679
14,2,0.8518052648476535
14,3,0.849442247532746
14,4,0.8378597772876797
14,5,0.8375037359848801
14,6,0.835002927752764
14,7,0.8339103055166446
14,8,0.20610564441989687
14,9,0.8382875423395212
14,10,0.818250253023162
14,11,0.8430048177718612
14,12,0.8490800639179883
14,13,0.8486551547463426
14,14,0.8356135007674442
14,15,0.8489685285508999
14,16,0.8488085406452837
14,17,0.8467506848641073
14,18,0.8325568751441671
14,19,0.8438968874496093
15,0,0.8438389224675372
15,1,0.854684187920858
15,2,0.8592975809088963
15,3,0.856134630052017
15,4,0.8469393186637757
15,5,0.8425699257767328
15,6,0.8427754075841191
15,7,0.8452673648536172
15,8,0.20427018433521335
15,9,0.8479058813534079
15,10,0.8361490031821811
15,11,0.8487458974195159
15,12,0.8534342463883731
15,13,0.8576848382294864
15,14,0.844859371172127
15,15,0.8547760684504179
15,16,0.8594664655253508
15,17,0.8513752880891516
15,18,0.8372181229306696
15,19,0.8506058781416118
16,0,0.8532039441201071
16,1,0.8622045678501719
16,2,0.8651595339030869
16,3,0.8591549700114813
16,4,0.8495012433495104
16,5,0.8483238337525635
16,6,0.850903474047713
16,7,0.8536091587432364
16,8,0.20257007647970632
16,9,0.8559516113980057
16,10,0.8434220389214026
16,11,0.8537375820663629
16,12,0.8610448651989973
16,13,0.86634370010864
16,14,0.8486964904980271
16,15,0.8628809935061951
16,16,0.8635975500288678
16,17,0.858382811781643
16,18,0.8469728844572612
16,19,0.8609224595771202
17,0,0.8613678996969429
17,1,0.8703430611441338
17,2,0.87288861970436
17,3,0.8663597308002344
17,4,0.8608542530164891
17,5,0.8567655587068224
17,6,0.8569498378417799
17,7,0.8664799553134122
17,8,0.20032816565531286
17,9,0.8641636576298081
17,10,0.850040487073853
17,11,0.858086628225809
17,12,0.8657938366344099
17,13,0.8740275397769385
17,14,0.8578380854267024
17,15,0.8708607815831375
17,16,0.8697216866865579
17,17,0.8602980696452467
17,18,0.8564040124757151
17,19,0.8657580106650336
18,0,0.8657784429413621
18,1,0.8777998449920817
18,2,0.8770211503300634
18,3,0.8750578776001835
18,4,0.8665833466595286
18,5,0.8642359075069156
18,6,0.8639802386447493
18,7,0.874153905318542
18,8,0.19402051677992563
18,9,0.8703308757121271
18,10,0.8566551935468867
18,11,0.8678742205404552
18,12,0.8679743201165949
18,13,0.8821218859088195
18,14,0.8655264480653464
18,15,0.8758373941159632
18,16,0.8770412823032334
18,17,0.867763645582513
18,18,0.8667580987059837
18,19,0.8731775201824198
19,0,0.8737379107844769
19,1,0.8845288384009666
19,2,0.8864581706436513
19,3,0.876739723380524
19,4,0.8702251893915205
19,5,0.8676718163000897
19,6,0.8733857066343975
19,7,0.8808204357836247
19,8,0.19007982120033595
19,9,0.8791465734054839
19,10,0.8606193960039971
19,11,0.8760817885425698
19,12,0.8782418093293011
19,13,0.8853746754065039
19,14,0.8704928023210161
19,15,0.880088976007663
19,16,0.8813697697881338
19,17,0.8710345170521737
19,18,0.8739820048630295
19,19,0.8856027051036859
20,0,0.8797293340026846
20,1,0.8886743482087439
20,2,0.8918166221713746
20,3,0.8855706210260732
20,4,0.876504167447947
20,5,0.8796195073986193
20,6,0.8783218408694006
20,7,0.8867272355106415
20,8,0.19384637656643403
20,9,0.8864671050313697
20,10,0.8718552526174472
20,11,0.883846756732467
20,12,0.8855959249593407
20,13,0.8914633215757728
20,14,0.873437293207879
20,15,0.8841426665217681
20,16,0.8840893223615366
20,17,0.8781094127068955
20,18,0.8788648857496899
20,19,0.8908797692686186
21,0,0.8836719995200603
21,1,0.8930694980262838
21,2,0.8997081111249083
21,3,0.8883242140651123
21,4,0.8823928220197377
21,5,0.8862304966639795
21,6,0.8842680906447431
21,7,0.8926416115319075
21,8,0.19235667511768656
21,9,0.8923527265769778
21,10,0.8762760468439619
21,11,0.8892256204770225
21,12,0.8908599352251417
21,13,0.8976302809225737
21,14,0.8773842014597076
21,15,0.8895174982898136
21,16,0.8901045757929276
21,17,0.8832379685282331
21,18,0.887129331192087
21,19,0.8956906691223906
22,0,0.888980945446558
22,1,0.8959585712122142
22,2,0.9030377708028323
22,3,0.8944782515968305
22,4,0.887140233827941
22,5,0.8898571196111359
22,6,0.892276758645918
22,7,0.8986988427779501
22,8,0.18890072240197517
22,9,0.8959849833922224
22,10,0.881241470097784
22,11,0.8936922663184935
22,12,0.8969935363163518
22,13,0.9022612813656187
22,14,0.8808497197987419
22,15,0.8959658751754765
22,16,0.897761526628721
22,17,0.8871858708731759
22,18,0.8933620688797023
22,19,0.9035948408807772
23,0,0.8945044935206256
23,1,0.9004289362349261
23,2,0.9090340363036588
23,3,0.8972462508306444
23,4,0.8942007114888032
23,5,0.8943089226546815
23,6,0.8970761941614064
23,7,0.9029184376252056
23,8,0.18609630816781528
23,9,0.9005491940014525
23,10,0.8853416880356499
23,11,0.9014925270962061
23,12,0.9020439824201418
23,13,0.905702235942561
23,14,0.8842388169537746
23,15,0.8966534136215196
23,16,0.9008499149760245
23,17,0.8943940055148942
23,18,0.8993399190024078
23,19,0.9065895507961286
24,0,0.9002171302923528
24,1,0.9043650074595257
24,2,0.9132624808173511
24,3,0.9045721967677908
24,4,0.8978036729465645
24,5,0.8986532694593847
24,6,0.9042675430692146
24,7,0.9071279195590368
24,8,0.18434065392853521
24,9,0.9020192060767931
24,10,0.888883328331639
24,11,0.9043062641389429
24,12,0.905313870314269
24,13,0.9098393329598362
24,14,0.8911241326479771
24,15,0.9017613088006741
24,16,0.9043650263932755
24,17,0.901003108858958
24,18,0.9047573939251599
24,19,0.9098434889771763
25,0,0.9034939089791891
25,1,0.9053861270398474
25,2,0.9140058612273713
25,3,0.9107188330334975
25,4,0.9028684927937446
25,5,0.901967590926685
25,6,0.9062619417746086
25,7,0.9112438939308735
25,8,0.1906648852325957
25,9,0.9059118240415609
25,10,0.8976472151325079
25,11,0.9050997082798936
25,12,0.908246078537948
25,13,0.9131943244563581
25,14,0.8976609411809977
25,15,0.9043484619925538
25,16,0.9086450731170446
25,17,0.9027614909821008
25,18,0.9094593620742034
25,19,0.9130009584156784
26,0,0.909112100847111
26,1,0.9086989374667537
26,2,0.9169727944926582
26,3,0.9141197547133093
26,4,0.904662640084478
26,5,0.9042950887823955
26,6,0.9106006353242317
26,7,0.9131143507354003
26,8,0.20007392795065376
26,9,0.9092811727889681
26,10,0.9016800145867586
26,11,0.9082473754671383
26,12,0.910496345993023
26,13,0.9164533727057712
26,14,0.9056659252236954
26,15,0.9111201703127408
26,16,0.9130394057120468
26,17,0.9074841055859865
26,18,0.91294976033025
26,19,0.9165095703308946
27,0,0.912509406695435
27,1,0.9129695260459727
27,2,0.920637315792699
27,3,0.9181953886760094
27,4,0.9083259895262183
27,5,0.9072977399866418
27,6,0.9128987218753126
27,7,0.9165646390960359
27,8,0.19885815383694974
27,9,0.9128778405241949
27,10,0.9060459086446885
27,11,0.9094048932578022
27,12,0.9137691927766592
27,13,0.9202095999537981
27,14,0.9108534607517516
27,15,0.9125168780521318
27,16,0.9174645115720744
27,17,0.9096569582788853
27,18,0.9155976759722061
27,19,0.9209105421534153
28,0,0.9144492310767707
28,1,0.9151057833366533
28,2,0.9238491022150626
28,3,0.9205002859686607
28,4,0.9134983330482493
28,5,0.9120233818472758
28,6,0.9164252190722559
28,7,0.9187750140134766
28,8,0.19667478821656414
28,9,0.9148989712066529
28,10,0.9096534740465759
28,11,0.9113102950436129
28,12,0.9176230880317442
28,13,0.9223308332113906
28,14,0.9133710731535594
28,15,0.9145130501006531
28,16,0.9207349104378253
28,17,0.9124475915423956
28,18,0.9197860835375452
28,19,0.9237883794745609
29,0,0.9189842259835859
29,1,0.9199409084739816
29,2,0.9276299367027818
29,3,0.9233062296181646
29,4,0.9177289243414807
29,5,0.9149599037616062
29,6,0.920202985708927
29,7,0.922014504984159
29,8,0.19576387646461227
29,9,0.9168095124003115
29,10,0.9135629145423996
29,11,0.9132432032979736
29,12,0.9186983503302544
29,13,0.9246893781107978
29,14,0.916357771537871
29,15,0.9193357699745406
29,16,0.9234200875613489
29,17,0.9174148015817926
29,18,0.9217899889915999
29,19,0.926058157383942
30,0,0.9232228199965403
30,1,0.9212531430395305
30,2,0.9297769529340975
30,3,0.9252717286194183
30,4,0.9188313127799252
30,5,0.9185494937512724
30,6,0.9228188282927735
30,7,0.9238492049825423
30,8,0.20621918928143926
30,9,0.9196442691758442
30,10,0.919882626753023
30,11,0.9165960108088137
30,12,0.9202561319381225
30,13,0.9272077825600341
30,14,0.9192589923673717
30,15,0.9222110499123813
30,16,0.9256424696207862
30,17,0.9199480233726957
30,18,0.9255445364627015
30,19,0.9283687091823359
31,0,0.9257628852101859
31,1,0.9241817111912541
31,2,0.9311082884267557
31,3,0.9277780765578822
31,4,0.9234505301059681
31,5,0.9217089758830403
31,6,0.9244986720264459
31,7,0.9271245491848541
31,8,0.2142988060616132
31,9,0.9218974161338419
31,10,0.9219025974708592
31,11,0.9198892701677315
31,12,0.9233691294999369
31,13,0.9284247093443162
31,14,0.9212941193053426
31,15,0.9235633384765001
31,16,0.9285589505690954
31,17,0.9216003825579077
31,18,0.9276043489041407
31,19,0.929660331481093
32,0,0.9288675188842291
32,1,0.9259406392368484
32,2,0.9323406778211509
32,3,0.9312715129011621
32,4,0.9272717522950553
32,5,0.9251396072453032
32,6,0.9269230129033491
32,7,0.9293061422487434
32,8,0.21114127278565198
32,9,0.9218413199164559
32,10,0.9233187421175812
32,11,0.9216112239194448
32,12,0.9253863334053897
32,13,0.9301664152877862
32,14,0.9246246457624556
32,15,0.9254980726568633
32,16,0.9298382247067649
32,17,0.9244262096316166
32,18,0.929272854650048
32,19,0.9320765277791261
33,0,0.9309353460187172
33,1,0.9296163231361807
33,2,0.9329228654596476
33,3,0.932517110509613
33,4,0.9289569645927078
33,5,0.9263035697076978
33,6,0.9288420513191249
33,7,0.9317364047378706
33,8,0.21188983594303903
33,9,0.9251562085010726
33,10,0.9249410241586327
33,11,0.9246625661346044
33,12,0.9281975427302277
33,13,0.9317696767268127
33,14,0.9248857285864619
33,15,0.9271771432433368
33,16,0.9320703093102939
33,17,0.9275451545359134
33,18,0.9305809077051075
33,19,0.9335369921774637
34,0,0.932720169138114
34,1,0.9308825981856212
34,2,0.9340381199320292
34,3,0.9331729029051621
34,4,0.9307175944380152
34,5,0.9272835462137616
34,6,0.9303113953243478
34,7,0.9326196557134552
34,8,0.21996419022827327
34,9,0.9272930729192994
34,10,0.9278444514056703
34,11,0.9279885436284193
34,12,0.9303684980032094
34,13,0.9331048781355962
34,14,0.9267102523793123
34,15,0.9289995887742822
34,16,0.9346427029820984
34,17,0.9284317435086281
34,18,0.9322708455913479
34,19,0.9343189684582703
35,0,0.9323367448581302
35,1,0.9324677632324222
35,2,0.9363630986743399
35,3,0.9341978700467068
35,4,0.9318433177397016
35,5,0.9290224011365069
35,6,0.9324567809128883
35,7,0.9340901423998594
35,8,0.2257290721176982
35,9,0.9294302345243914
35,10,0.9305001996142341
35,11,0.9297082907171176
35,12,0.9317575795537958
35,13,0.9342165706466349
35,14,0.9285157398274326
35,15,0.9301472298210632
35,16,0.9366916840886822
35,17,0.9312143463351384
35,18,0.9316076794867519
35,19,0.936429972425088
36,0,0.9332924706480403
36,1,0.9336844402810406
36,2,0.9387679519820141
36,3,0.9347626897170784
36,4,0.9329191899664756
36,5,0.931272263995518
36,6,0.933441447841593
36,7,0.9359929961525771
36,8,0.23277590502259876
36,9,0.9306066437287253
36,10,0.9317787917863781
36,11,0.9307733783809692
36,12,0.9338700461690139
36,13,0.9360955778412642
36,14,0.929728250302267
36,15,0.9328894005280967
36,16,0.9375825317682372
36,17,0.932536610261161
36,18,0.9331951595433602
36,19,0.9373684289878296
37,0,0.9366116633060103
37,1,0.9353664304967642
37,2,0.9390917665995193
37,3,0.9361490167476924
37,4,0.935793410993239
37,5,0.9329528950365036
37,6,0.9351500162672123
37,7,0.936640852589981
37,8,0.2374992575283706
37,9,0.9316017206474962
37,10,0.9340883820225944
37,11,0.9321448540266513
37,12,0.9348264752751377
37,13,0.9367068834599299
37,14,0.9310159737004001
37,15,0.9359396107721217
37,16,0.9386677564016922
37,17,0.9338075687636309
37,18,0.9336214944936702
37,19,0.9379896904191157
38,0,0.9378426672636715
38,1,0.9362871400353358
38,2,0.9395492264711395
38,3,0.9368937415801103
38,4,0.9364305054366152
38,5,0.9346752963238585
38,6,0.936827229656027
38,7,0.9376249309099882
38,8,0.24177709523036428
38,9,0.9329822546636684
38,10,0.9356230873675988
38,11,0.9336323466078151
38,12,0.9354280418426258
38,13,0.9372979878017665
38,14,0.932588824309228
38,15,0.9377344336011956
38,16,0.9397616039287877
38,17,0.9351469894218225
38,18,0.9350184367525166
38,19,0.9388270706296878
39,0,0.9381455070933549
39,1,0.9389700909261465
39,2,0.9410013104853681
39,3,0.9376155819732475
39,4,0.9376614773962831
39,5,0.935350248884733
39,6,0.9379294300395791
39,7,0.9387111286512688
39,8,0.24560803670860623
39,9,0.9336053272440122
39,10,0.9373870163877052
39,11,0.9348092347752286
39,12,0.9362666553737451
39,13,0.9381414740340478
39,14,0.9342626607216165
39,15,0.9383631573819783
39,16,0.9410033303809019
39,17,0.9372032076684211
39,18,0.9360271469375864
39,19,0.9398642382566513
40,0,0.9386328350481798
40,1,0.9398126560015168
40,2,0.9422859229436231
40,3,0.9383164909386351
40,4,0.9392898669312536
40,5,0.9357416995908904
40,6,0.9386084388608068
40,7,0.9395310231339741
40,8,0.2488315601152412
40,9,0.9366777621907717
40,10,0.9380751145035404
40,11,0.9362902599759659
40,12,0.9378900536570302
40,13,0.9385058670460112
40,14,0.9358658046869213
40,15,0.9409394558483383
40,16,0.9419938770340696
40,17,0.9402674169557683
40,18,0.937532009212463
40,19,0.9419880438835531
41,0,0.9390889608135222
41,1,0.9406605294613235
41,2,0.9427514133678848
41,3,0.9389797007719729
41,4,0.9403025977980365
41,5,0.9364481083904054
41,6,0.9390364335846019
41,7,0.9410470834596553
41,8,0.25313470044010317
41,9,0.9374869645717949
41,10,0.9392142414569574
41,11,0.9376791610685892
41,12,0.9393652658170892
41,13,0.9394990380482355
41,14,0.9380095333765338
41,15,0.9418471449329024
41,16,0.9426081476152592
41,17,0.9412018213855907
41,18,0.9387500976123584
41,19,0.9424089445553011
42,0,0.9397516412040802
42,1,0.9414909278490897
42,2,0.943280358988896
42,3,0.9399385298922116
42,4,0.9414385223647181
42,5,0.937308431907434
42,6,0.9395114317599946
42,7,0.9415004716913717
42,8,0.2558009360491156
42,9,0.9386225628138755
42,10,0.9397961124169038
42,11,0.9381733857574229
42,12,0.9404311361593494
42,13,0.9401324125114352
42,14,0.9384643782362256
42,15,0.9428834899429479
42,16,0.9440198302706604
42,17,0.9422344139384549
42,18,0.9400132822821147
42,19,0.9427941378089603
43,0,0.9409858667131173
43,1,0.9426061085660711
43,2,0.9442974536091554
43,3,0.9417756945252528
43,4,0.9423622662978665
43,5,0.9377186282706844
43,6,0.9410680689368432
43,7,0.9422230006411179
43,8,0.256515697824119
43,9,0.9398215684317914
43,10,0.9411816837979993
43,11,0.9391421761360355
43,12,0.9411413367556093
43,13,0.9406860330526883
43,14,0.9388467546354644
43,15,0.9435283956598528
43,16,0.9446606173516539
43,17,0.9428845312424025
43,18,0.9405851922545443
43,19,0.9441781280924242
44,0,0.941829146757295
44,1,0.9434611787444274
44,2,0.9447905385430508
44,3,0.9426245492440753
44,4,0.9430008010435805
44,5,0.938195481546544
44,6,0.9414287576703556
44,7,0.9424705121125243
44,8,0.2591254959180084
44,9,0.9404580254453241
44,10,0.9417636452864115
44,11,0.9398085913739636
44,12,0.9418058218005845
44,13,0.9412256654498822
44,14,0.9393861606481113
44,15,0.9442760743208282
44,16,0.945035309450212
44,17,0.943513791119324
44,18,0.9412377989025851
44,19,0.9447009890829989
45,0,0.9428189082250192
45,1,0.9444252529128122
45,2,0.9452804273998983
45,3,0.9431034956463067
45,4,0.9443645960935175
45,5,0.9400498193195544
45,6,0.9420723568973394
45,7,0.9429502041688931
45,8,0.259866588333226
45,9,0.941139818953658
45,10,0.9422317845775672
45,11,0.9402977462342879
45,12,0.9428636123952147
45,13,0.9418593204225562
45,14,0.9399156612346818
45,15,0.9449454648967248
45,16,0.9454924738175913
45,17,0.9438588021821345
45,18,0.9417363212767389
45,19,0.9452197102238352
46,0,0.9433700258541982
46,1,0.9448304775649827
46,2,0.9455263349250348
46,3,0.9418104188556635
46,4,0.944919313633368
46,5,0.9410281149312968
46,6,0.9426784793811841
46,7,0.9434725887786746
46,8,0.2616825767887493
46,9,0.941933485119023
46,10,0.9428339737352567
46,11,0.9408107412669847
46,12,0.9430861514635068
46,13,0.9424641180338735
46,14,0.9406018831916787
46,15,0.9452471556761164
46,16,0.945931357386002
46,17,0.9442350608544501
46,18,0.9423800932216327
46,19,0.945639895999271
47,0,0.9438654517904472
47,1,0.9455033048346312
47,2,0.9457620452639378
47,3,0.942185445057547
47,4,0.9456974947441807
47,5,0.9412340149345205
47,6,0.9436555163391304
47,7,0.9442460556446058
47,8,0.2635669108961619
47,9,0.9425641517834834
47,10,0.9431651960836872
47,11,0.9410916794054857
47,12,0.9435233804105364
47,13,0.943135573544945
47,14,0.9410602378429114
47,15,0.945569375689442
47,16,0.9463232831668138
47,17,0.9451005711622098
47,18,0.9435158944087103
47,19,0.9461847765428965
48,0,0.9445189871333016
48,1,0.9458581428783012
48,2,0.945975167209659
48,3,0.9423248087958095
48,4,0.945902196755292
48,5,0.9419865652219782
48,6,0.9443972229324107
48,7,0.944691791755517
48,8,0.2664164429469826
48,9,0.9430203113489805
48,10,0.9437826774798573
48,11,0.9430045310779998
48,12,0.9438142164468908
48,13,0.9433508279959546
48,14,0.9418396306734956
48,15,0.9462657991033108
48,16,0.9465961369558725
48,17,0.9458293978807432
48,18,0.944025693171134
48,19,0.9465827339856203
49,0,0.9448868873859332
49,1,0.9461935111821778
49,2,0.9463902603468048
49,3,0.9426530751469565
49,4,0.9463642830282867
49,5,0.9426053206363658
49,6,0.9449533447959556
49,7,0.9454532766149046
49,8,0.26807359365865235
49,9,0.9438591400474972
49,10,0.9442865469588076
49,11,0.9433605113345503
49,12,0.9440283769172176
49,13,0.9436762421486891
49,14,0.9424363425172385
49,15,0.9466200137915275
49,16,0.9471896602400997
49,17,0.946165533638881
49,18,0.9443154015952206
49,19,0.9469774318873245
50,0,0.9453103879175558
50,1,0.9464139464235647
50,2,0.9470988217940994
50,3,0.944230788669201
50,4,0.9466679841839016
50,5,0.9433198244151253
50,6,0.945069290999342
50,7,0.9458526991213307
50,8,0.26923190972286176
50,9,0.9447808449640314
50,10,0.9451490252090947
50,11,0.9438551232954809
50,12,0.9446848831745452
50,13,0.9439404600757545
50,14,0.9427963040151899
50,15,0.9468752191474353
50,16,0.9475093334410636
50,17,0.9467111160525066
50,18,0.9445868627126367
50,19,0.9474478070151854
51,0,0.9456736867521042
51,1,0.9466973900040464
51,2,0.9472954172661198
51,3,0.9444893229685397
51,4,0.9473254946886966
51,5,0.943844908869469
51,6,0.9452466594892301
51,7,0.9461143229631568
51,8,0.26957462671558646
51,9,0.944996532497945
51,10,0.9455185891613866
51,11,0.9445983403017149
51,12,0.9450782293901122
51,13,0.9442867059511488
51,14,0.9429248849473552
51,15,0.9473501767262457
51,16,0.9478009252648663
51,17,0.9468132805976693
51,18,0.9449800282384503
51,19,0.9479819727946351
52,0,0.9458277927966148
52,1,0.9469965109662798
52,2,0.9474097879800739
52,3,0.9448661296766214
52,4,0.9479027261138954
52,5,0.9442659613462383
52,6,0.9456517097975764
52,7,0.9466084222557622
52,8,0.2714543745370816
52,9,0.945303721017565
52,10,0.9460163085738382
52,11,0.9446968457646437
52,12,0.9451940026037386
52,13,0.9457708768079195
52,14,0.9435808688905497
52,15,0.9478845993269627
52,16,0.9481853166784425
52,17,0.9471892659745289
52,18,0.9454801410313453
52,19,0.9482424337350189
53,0,0.9461577275020818
53,1,0.947404298865159
53,2,0.9475987918267454
53,3,0.9452244783819332
53,4,0.9482108966539103
53,5,0.9444649353698735
53,6,0.9459650409562365
53,7,0.9469501299380756
53,8,0.27190326214464283
53,9,0.9454879690014835
53,10,0.9464439231759352
53,11,0.9455029055765984
53,12,0.9455793658754358
53,13,0.9462684474092854
53,14,0.9438599072569615
53,15,0.948212540652066
53,16,0.9485139573053152
53,17,0.9474273204747544
53,18,0.945760880456917
53,19,0.948492812390095
54,0,0.9464274933350751
54,1,0.9476781783436432
54,2,0.9479699405841193
54,3,0.9455050662643847
54,4,0.9485990419555063
54,5,0.9447712791644098
54,6,0.9464862480656735
54,7,0.9471223129874293
54,8,0.27281746251653555
54,9,0.9456727911643608
54,10,0.9467753845409823
54,11,0.9456002698361086
54,12,0.9457994129213498
54,13,0.9465921394648148
54,14,0.9441298159443478
54,15,0.9482962060030405
54,16,0.9489232574466278
54,17,0.9476676982752189
54,18,0.9461296795218258
54,19,0.9486622834405406
55,0,0.9465877075445933
55,1,0.9479502351385893
55,2,0.9480572468615993
55,3,0.9457580712648599
55,4,0.9490340543248023
55,5,0.9450087005557761
55,6,0.9467756676311402
55,7,0.9474032024733862
55,8,0.27334884512378177
55,9,0.9459534929126752
55,10,0.9469678451743662
55,11,0.9458101772444456
55,12,0.9460678177267698
55,13,0.9474246933438132
55,14,0.9448305103419815
55,15,0.9484810194493192
55,16,0.9490183924433457
55,17,0.9479670060541783
55,18,0.9462901945546649
55,19,0.9488688674984118
56,0,0.9468329344398793
56,1,0.948039311421708
56,2,0.9482207223290183
56,3,0.9460874344883032
56,4,0.949280886652466
56,5,0.9451563403723209
56,6,0.9470657225317325
56,7,0.9476015438017925
56,8,0.27372059426040896
56,9,0.9461190871963079
56,10,0.94716837448523
56,11,0.9460986660444135
56,12,0.9462125319517274
56,13,0.9476753684409667
56,14,0.9450096799583138
56,15,0.9488599924983359
56,16,0.9491550486060856
56,17,0.9481277288735621
56,18,0.9465525679128548
56,19,0.9491662314099543
57,0,0.9470943103428762
57,1,0.9482800846527181
57,2,0.9482318111030662
57,3,0.9463686967151845
57,4,0.9493631350533329
57,5,0.9453529840410544
57,6,0.9472054776932904
57,7,0.9478563868196718
57,8,0.27406627952770785
57,9,0.9462303404079272
57,10,0.9473455250336794
57,11,0.9464663103969093
57,12,0.946404535870114
57,13,0.9479611753054028
57,14,0.9451090650015131
57,15,0.948990654281322
57,16,0.949722365697736
57,17,0.9483391889571774
57,18,0.9467115147752284
57,19,0.9492456417976217
58,0,0.9473898586513222
58,1,0.9484496711307621
58,2,0.9486080888171801
58,3,0.946686633400978
58,4,0.9496126946968869
58,5,0.9455287573409872
58,6,0.9472971125902256
58,7,0.9485258974638108
58,8,0.2740325489728245
58,9,0.9464297730189295
58,10,0.9474123237458055
58,11,0.9466286631715312
58,12,0.94645643909338
58,13,0.9480825019062563
58,14,0.9453163324791038
58,15,0.9490744289785951
58,16,0.9499870330680406
58,17,0.9484707469101316
58,18,0.9468722180925531
58,19,0.949350290730184
59,0,0.9475618905451811
59,1,0.9486204696835326
59,2,0.9487827903227395
59,3,0.9468925172477705
59,4,0.949661016646272
59,5,0.9455652085452383
59,6,0.9473216738781873
59,7,0.9486096506343291
59,8,0.27413525411792705
59,9,0.9468439582176402
59,10,0.9476083928459484
59,11,0.946803270782721
59,12,0.9466949929632765
59,13,0.9480552096971563
59,14,0.9454542969972769
59,15,0.9492522672551318
59,16,0.9502092149513846
59,17,0.9486602342068731
59,18,0.9470448982578842
59,19,0.9494256809990398
60,0,0.947791789571164
60,1,0.9489318081139845
60,2,0.9488852916667762
60,3,0.9474677902434734
60,4,0.9497597824586619
60,5,0.9457961074987635
60,6,0.9472896578230138
60,7,0.9488197819285882
60,8,0.2742947341846074
60,9,0.9471148880574549
60,10,0.9478189083914753
60,11,0.9469061410395593
60,12,0.9467767215355215
60,13,0.9480363967179167
60,14,0.9456820235251031
60,15,0.9492973561858258
60,16,0.9503301857261257
60,17,0.9488749826536529
60,18,0.9470885271732905
60,19,0.9495469993160527
61,0,0.9479978556354026
61,1,0.9490565185305813
61,2,0.9489886589189523
61,3,0.9475504828962259
61,4,0.9499261923466235
61,5,0.9461066632575221
61,6,0.9474736886470565
61,7,0.9490844105918295
61,8,0.2744721787140377
61,9,0.9472820840418942
61,10,0.9479075017575758
61,11,0.9471491401387018
61,12,0.9470386137761216
61,13,0.948146806012099
61,14,0.9459046646638944
61,15,0.9494503121030655
61,16,0.9505349146308212
61,17,0.9490283793533754
61,18,0.9471701520540765
61,19,0.9497109039581694
62,0,0.948192710590794
62,1,0.9491730488273663
62,2,0.9490781018480963
62,3,0.9476498509774487
62,4,0.9500094037453726
62,5,0.9463247813842665
62,6,0.9474407926198126
62,7,0.9491457592537559
62,8,0.27446721685576053
62,9,0.9473226248881483
62,10,0.9480206351521814
62,11,0.9473663964526247
62,12,0.9470660155112783
62,13,0.948233209953195
62,14,0.9461878297947359
62,15,0.9493818093481896
62,16,0.9507959196278521
62,17,0.9492065121566856
62,18,0.9473246168084336
62,19,0.9497848992419353
63,0,0.948235027826034
63,1,0.9493121570976969
63,2,0.9490991478653059
63,3,0.9481456714011981
63,4,0.9501608972948068
63,5,0.9464281914317948
63,6,0.9474686730874232
63,7,0.9492283094681093
63,8,0.2745997376607473
63,9,0.9473090750408295
63,10,0.948181360662676
63,11,0.9474353554243056
63,12,0.947105837051397
63,13,0.9482379645658102
63,14,0.9463631446337811
63,15,0.9494534806509441
63,16,0.9509532510452203
63,17,0.9493578702859318
63,18,0.9474365782503733
63,19,0.9498260014067423
64,0,0.9484556090693671
64,1,0.9493812984861311
64,2,0.9490985870375362
64,3,0.9482790558647768
64,4,0.9502371462782268
64,5,0.9465507853530681
64,6,0.9475005929515027
64,7,0.9493068172043584
64,8,0.2746477446066428
64,9,0.9474360992900653
64,10,0.948312551135765
64,11,0.9475317519196864
64,12,0.9472204224309421
64,13,0.9481844508064314
64,14,0.9465194960835064
64,15,0.9494413460079851
64,16,0.9510091860761696
64,17,0.9494127962461337
64,18,0.9475993585586906
64,19,0.9498625954958673
65,0,0.9485053399402842
65,1,0.9494107035167081
65,2,0.9492165301965438
65,3,0.94891024944249
65,4,0.9502581013128997
65,5,0.9466595124397584
65,6,0.9475065594814281
65,7,0.9494997536212876
65,8,0.27485947929594545
65,9,0.9476019105158638
65,10,0.9486331837628206
65,11,0.9475586156160879
65,12,0.9474281590794935
65,13,0.9482849584254295
65,14,0.9466830984291624
65,15,0.9494315084585849
65,16,0.9510033762292779
65,17,0.9495184333778275
65,18,0.9478312523837523
65,19,0.9498622681754914
66,0,0.9487086382661849
66,1,0.9494624332016076
66,2,0.9493259544544925
66,3,0.9490494165707626
66,4,0.9502961441876107
66,5,0.946729315812288
66,6,0.9477595320353106
66,7,0.9496736470566745
66,8,0.27485874663673815
66,9,0.9477606236644426
66,10,0.948725028048674
66,11,0.9475586119776542
66,12,0.9474814610705391
66,13,0.948287483807929
66,14,0.9468721995281171
66,15,0.9494650422007659
66,16,0.9510235329179062
66,17,0.9495939718366144
66,18,0.9480556983718518
66,19,0.9498955535193605
67,0,0.9487592873961673
67,1,0.9495289712961398
67,2,0.9494495142706073
67,3,0.9492428508511086
67,4,0.9503293855438402
67,5,0.9468040130074861
67,6,0.9478392802539466
67,7,0.9499163697570266
67,8,0.27485794439394
67,9,0.9479504734147264
67,10,0.9489136621454178
67,11,0.9477051699112561
67,12,0.947599617837772
67,13,0.9483966787503068
67,14,0.9473001470068132
67,15,0.9495304198793552
67,16,0.9510282101441924
67,17,0.9496802505321373
67,18,0.9480255050078885
67,19,0.949979184288344
68,0,0.9488614750841794
68,1,0.9495952384325826
68,2,0.9494484450376676
68,3,0.9492451386903615
68,4,0.9504236792423746
68,5,0.9471739221488841
68,6,0.9478819070178468
68,7,0.9499385223142801
68,8,0.27493359821458585
68,9,0.9480576738370545
68,10,0.9489552083052639
68,11,0.9476941536758208
68,12,0.9476836572706002
68,13,0.9484814685723644
68,14,0.9473763680638952
68,15,0.9495844986984769
68,16,0.9510300910864281
68,17,0.9497691741427766
68,18,0.9481737451288176
68,19,0.9500994662766044
69,0,0.9489090184159478
69,1,0.9496042965832826
69,2,0.9495024030397329
69,3,0.9493600541935927
69,4,0.9504876990270251
69,5,0.9474342577634736
69,6,0.9478680940261199
69,7,0.9499972461359943
69,8,0.2749417464927988
69,9,0.9481688290948735
69,10,0.9489836462170251
69,11,0.9477142828097711
69,12,0.9478308725778453
69,13,0.9485517106186111
69,14,0.9475688002021143
69,15,0.9497026346905315
69,16,0.9511555126105685
69,17,0.949902503244893
69,18,0.9482794909486558
69,19,0.9502472494276114
70,0,0.9489824098378735
70,1,0.9497165148565961
70,2,0.9496765016296532
70,3,0.9495848100436826
70,4,0.9505438973538339
70,5,0.9476189723326702
70,6,0.9479538736921288
70,7,0.9501610399903915
70,8,0.2749417863489391
70,9,0.9483342679965634
70,10,0.9490002350897107
70,11,0.9477552833475312
70,12,0.9478947941160606
70,13,0.9486171949488326
70,14,0.9477411674193824
70,15,0.9496810235008252
70,16,0.9511898295520913
70,17,0.9498583288614008
70,18,0.94830362651042
70,19,0.950295743540922
71,0,0.949006873520612
71,1,0.9496217730907388
71,2,0.9497616482395773
71,3,0.9495540648301475
71,4,0.950606869171328
71,5,0.9476652129863748
71,6,0.9480492235687229
71,7,0.9503074829956961
71,8,0.2749466863531284
71,9,0.9484076249563262
71,10,0.9490062853932829
71,11,0.9478539753278421
71,12,0.9480014871648801
71,13,0.9485624694488319
71,14,0.9477796480278411
71,15,0.949671933309892
71,16,0.9511858971817384
71,17,0.9499191757734801
71,18,0.9483409232473543
71,19,0.9502883795200092
72,0,0.9490647731201438
72,1,0.9495790494320865
72,2,0.9498020786150145
72,3,0.9495491998369818
72,4,0.9506276281717515
72,5,0.947704200894374
72,6,0.9480591182634174
72,7,0.9503803676331556
72,8,0.27495506879837234
72,9,0.9485160295645526
72,10,0.9490674105017125
72,11,0.9479503652449056
72,12,0.9481441624361368
72,13,0.9486636041801741
72,14,0.9478625763346773
72,15,0.949655445087832
72,16,0.9511285269635621
72,17,0.9499673959793192
72,18,0.9485358783461213
72,19,0.9502734657120028
73,0,0.9490059454289053
73,1,0.9496565669540228
73,2,0.9498661223594692
73,3,0.9495438351748338
73,4,0.9506073614850739
73,5,0.9477201614137565
73,6,0.9481181542940826
73,7,0.9503951654342291
73,8,0.27494352927322974
73,9,0.9486362748889697
73,10,0.9490173838588803
73,11,0.9480721435003123
73,12,0.948264457175921
73,13,0.9486992220826267
73,14,0.9479400517741471
73,15,0.9497362279855694
73,16,0.9512003322556312
73,17,0.9499762286386925
73,18,0.9485720424462142
73,19,0.9502716086187504
74,0,0.9491234586739945
74,1,0.9496874076328184
74,2,0.9498889374587998
74,3,0.9495576006172132
74,4,0.9506523842871547
74,5,0.9478453769623768
74,6,0.9481794025749835
74,7,0.9504423664771179
74,8,0.2749839464649557
74,9,0.9486400389688688
74,10,0.9489437031734431
74,11,0.9481538706385864
74,12,0.9483287731047977
74,13,0.9486954418575161
74,14,0.9480420266024848
74,15,0.9497243581007289
74,16,0.9512005622214592
74,17,0.9500231279292272
74,18,0.9486676334052108
74,19,0.9502545811096855
75,0,0.9492876266210325
75,1,0.9497677952508784
75,2,0.9499184637300202
75,3,0.9496456072946466
75,4,0.950708077279659
75,5,0.9479027229693909
75,6,0.9482485219902644
75,7,0.9504174756641072
75,8,0.27498185186703106
75,9,0.9486487705719344
75,10,0.9489331543639971
75,11,0.9480916236860136
75,12,0.9483924450514731
75,13,0.9486197097014827
75,14,0.9481086292062911
75,15,0.9497235112936877
75,16,0.9512081942820564
75,17,0.9500168475584253
75,18,0.9487798172795979
75,19,0.9502989447021246
76,0,0.9493187713269234
76,1,0.9498035441276262
76,2,0.9500273640409143
76,3,0.9496599131358828
76,4,0.9507012624205657
76,5,0.9480171010995054
76,6,0.9482369511774789
76,7,0.9503309429841178
76,8,0.2750525660606836
76,9,0.9486150046972894
76,10,0.9489668579095087
76,11,0.9480644383648053
76,12,0.9484820369019787
76,13,0.9485740463826924
76,14,0.9481432772184516
76,15,0.9497854890906494
76,16,0.9512644112442901
76,17,0.9499852074558753
76,18,0.9488593455322404
76,19,0.9502569011326614
77,0,0.9494350618559969
77,1,0.9498330538418261
77,2,0.9501075968228132
77,3,0.9497892333920859
77,4,0.950719813450111
77,5,0.9481445275177678
77,6,0.9482698766283738
77,7,0.9502894947408518
77,8,0.27505157613105846
77,9,0.9486107955726383
77,10,0.9490465673072813
77,11,0.9480629693378588
77,12,0.9485449211247959
77,13,0.9485246252679912
77,14,0.9481285632402771
77,15,0.9498557801077485
77,16,0.9512954905029732
77,17,0.9499378778263238
77,18,0.9500399451467099
77,19,0.9502874175651287
78,0,0.949507906366201
78,1,0.9498994375364891
78,2,0.9501898326115616
78,3,0.9498455654929484
78,4,0.9507218921637857
78,5,0.9482353269129977
78,6,0.9482759887395722
78,7,0.9503130310631139
78,8,0.27511053687780895
78,9,0.948574099994792
78,10,0.9491061412982459
78,11,0.9481521513910954
78,12,0.9486391894394365
78,13,0.948533944709512
78,14,0.9481717693540378
78,15,0.9498460394055788
78,16,0.9514083628840478
78,17,0.9500473891239609
78,18,0.9499788328252846
78,19,0.9502931501181603
79,0,0.9496822891557335
79,1,0.9498966210893539
79,2,0.9502985985887398
79,3,0.949920571614613
79,4,0.9506868351128867
79,5,0.9482336444319087
79,6,0.9483205573328791
79,7,0.9503514004207227
79,8,0.27506437415309265
79,9,0.9486461545705035
79,10,0.949122463815899
79,11,0.9482099636748578
79,12,0.9486447988093295
79,13,0.9485237461102629
79,14,0.9481997815580144
79,15,0.9497885276221937
79,16,0.951442307424274
79,17,0.9500756222227805
79,18,0.9499456085779991
79,19,0.9503089671768383
80,0,0.949749908971151
80,1,0.9499669587312818
80,2,0.9502488905010672
80,3,0.949944207533132
80,4,0.9507308960952059
80,5,0.9483101493365027
80,6,0.9482920478868838
80,7,0.9503479093069078
80,8,0.2750422488528518
80,9,0.9486678101795802
80,10,0.9491486151166928
80,11,0.9483734336832491
80,12,0.9486769126896716
80,13,0.9486561928178088
80,14,0.9482975875326021
80,15,0.9497819098039261
80,16,0.9514211617595325
80,17,0.9500741353834543
80,18,0.9499676861829309
80,19,0.95033653501093
81,0,0.949766591771329
81,1,0.9500105094041115
81,2,0.950293385013708
81,3,0.9499198592553404
81,4,0.9508032238928914
81,5,0.9483464656461114
81,6,0.9482953116307516
81,7,0.9503292100132319
81,8,0.27509878025964907
81,9,0.9486826066508979
81,10,0.949195366221331
81,11,0.9484368846012556
81,12,0.948695300012101
81,13,0.9486922445946634
81,14,0.9483770464472071
81,15,0.9498095110340802
81,16,0.9513858372781493
81,17,0.9501163825219876
81,18,0.9500107642806681
81,19,0.9503627573332489
82,0,0.9498220570441862
82,1,0.9500861852369329
82,2,0.9503487802423056
82,3,0.9498782597561221
82,4,0.9508233006880769
82,5,0.9483400127846721
82,6,0.9483431049059737
82,7,0.9502901587484032
82,8,0.27505196776749363
82,9,0.9487235334983916
82,10,0.9492541126436999
82,11,0.9486180992804434
82,12,0.9488057542262246
82,13,0.9486878874348379
82,14,0.9484242055953587
82,15,0.9498193811927863
82,16,0.9513748329544077
82,17,0.9501285145351325
82,18,0.9500553377606894
82,19,0.9504031353677326
83,0,0.9498604945554588
83,1,0.9501580896030687
83,2,0.9503387718219973
83,3,0.9498869061398344
83,4,0.9508253609759433
83,5,0.9482994872300022
83,6,0.9484049636924831
83,7,0.950300689559288
83,8,0.2750335683655053
83,9,0.9487785021264703
83,10,0.9492453230451506
83,11,0.9486682202579638
83,12,0.9489438632357104
83,13,0.9486933499609453
83,14,0.9484622138023305
83,15,0.9498633399820477
83,16,0.9513850434982662
83,17,0.9501111812514865
83,18,0.9501950554179217
83,19,0.9504760556350706
84,0,0.9498748316550978
84,1,0.9501087472584139
84,2,0.9503380365514201
84,3,0.9498218957324333
84,4,0.9508370840265495
84,5,0.9483584594203953
84,6,0.9484582008079254
84,7,0.95029089142489
84,8,0.27502072797016536
84,9,0.9488293143503278
84,10,0.949306364722265
84,11,0.9487461089899356
84,12,0.9489531189635765
84,13,0.9487097935008226
84,14,0.9485093573641152
84,15,0.9499692839295472
84,16,0.9513757907962239
84,17,0.9500778326553612
84,18,0.9502421042918786
84,19,0.9505185632519317
85,0,0.949829279833761
85,1,0.9501820001733907
85,2,0.9503491586636453
85,3,0.9498036725624825
85,4,0.9507980979161901
85,5,0.94839462601414
85,6,0.9484754575349658
85,7,0.950236921530375
85,8,0.27511072025050853
85,9,0.9488374914162409
85,10,0.9493362812044093
85,11,0.9487743395889978
85,12,0.948978372167541
85,13,0.9487151708673689
85,14,0.9484608965941808
85,15,0.9499640161520928
85,16,0.951306596420767
85,17,0.9500115448785739
85,18,0.9502570886499402
85,19,0.9505135382749498
86,0,0.949843593729702
86,1,0.9501928669325925
86,2,0.9503552647292428
86,3,0.9498408239625771
86,4,0.9507846852566202
86,5,0.9484022646097926
86,6,0.9484372149058234
86,7,0.9501912563974895
86,8,0.27512214364528675
86,9,0.9488697367861423
86,10,0.9494097486758488
86,11,0.9488634056952213
86,12,0.9489218142227204
86,13,0.9486485445374964
86,14,0.9484094280752782
86,15,0.9500145909774087
86,16,0.9512276699857105
86,17,0.9500297000921135
86,18,0.950284424721626
86,19,0.9504868561013429
87,0,0.9499092045762801
87,1,0.9501796050885495
87,2,0.9503074673686566
87,3,0.9498213161051003
87,4,0.950773890160939
87,5,0.9483707983513096
87,6,0.9484548135195355
87,7,0.9501474793597453
87,8,0.275147910876879
87,9,0.9489021617896494
87,10,0.9494886328519012
87,11,0.9489170531779615
87,12,0.9489278116399651
87,13,0.9486183281759047
87,14,0.9483853228939869
87,15,0.9500723938337797
87,16,0.9511806931594791
87,17,0.9499952296642751
87,18,0.9503761505040433
87,19,0.9504219844795028
88,0,0.949932037571789
88,1,0.9501470690040529
88,2,0.9503026320832922
88,3,0.9498750397355189
88,4,0.9507065307488198
88,5,0.9483634272965451
88,6,0.9485256273318866
88,7,0.9501267638487539
88,8,0.2751404858826326
88,9,0.9488589920208922
88,10,0.9495297686124168
88,11,0.9489446778993074
88,12,0.9489514292374663
88,13,0.9486203751703721
88,14,0.948459547574366
88,15,0.9501617329581357
88,16,0.9511601671514825
88,17,0.9499982415805194
88,18,0.9504218016157884
88,19,0.9504095842788445
89,0,0.9499862887229756
89,1,0.9501247659038996
89,2,0.9503311977792006
89,3,0.9499256319485208
89,4,0.9506876955539673
89,5,0.9483292500417957
89,6,0.948601591196399
89,7,0.9501751443421939
89,8,0.2751544405077771
89,9,0.94887162964803
89,10,0.9494853029960123
89,11,0.9488976320456777
89,12,0.9489139178353885
89,13,0.9487221776327593
89,14,0.9484762208573463
89,15,0.950166468601516
89,16,0.9512042691313266
89,17,0.9499759059328873
89,18,0.9504685505763344
89,19,0.9504255214025192
90,0,0.9500606663780969
90,1,0.9501638785981251
90,2,0.950298876612332
90,3,0.9499217813397328
90,4,0.9506616951547517
90,5,0.9482760797091065
90,6,0.9486298698023661
90,7,0.9501770984428617
90,8,0.27515457914565755
90,9,0.9489238580166761
90,10,0.9494965473584082
90,11,0.9489061355629224
90,12,0.948965017877111
90,13,0.9487776317145544
90,14,0.948512923227437
90,15,0.9501749392561979
90,16,0.9511832346201796
90,17,0.9499599805900679
90,18,0.9505161206757238
90,19,0.9503837779530996
91,0,0.9501540626393702
91,1,0.9502218936740657
91,2,0.9502668476815405
91,3,0.9498895493799269
91,4,0.9506292815561505
91,5,0.9483364673340033
91,6,0.9486748909392213
91,7,0.9502073824828262
91,8,0.2751413476901267
91,9,0.9489517125796492
91,10,0.9495733292069279
91,11,0.9489539656757748
91,12,0.9489269210150164
91,13,0.9488117508811377
91,14,0.9485779060786562
91,15,0.9501853096990889
91,16,0.9511907986992442
91,17,0.9499113753690266
91,18,0.9508263589012931
91,19,0.9503376785870501
92,0,0.9501999181090651
92,1,0.9502037274244142
92,2,0.950287519147605
92,3,0.9498898835340686
92,4,0.9505868540406978
92,5,0.9483504367199269
92,6,0.9487076545839869
92,7,0.950180105482073
92,8,0.275164717164638
92,9,0.9489806663375012
92,10,0.9495867996093825
92,11,0.9490306730852834
92,12,0.948879590473844
92,13,0.9488399672771021
92,14,0.9486222468643215
92,15,0.9501760485505754
92,16,0.9512141642724462
92,17,0.9499101643620544
92,18,0.9507904574698139
92,19,0.9503620289952998
93,0,0.9502296105288022
93,1,0.9501176906687728
93,2,0.9503345644919665
93,3,0.9498824035939057
93,4,0.9505806907739042
93,5,0.9483500937069615
93,6,0.9486703946961058
93,7,0.950185264144997
93,8,0.27517748694148403
93,9,0.9490149627779504
93,10,0.9495289909313834
93,11,0.9490661477833602
93,12,0.9488574879572962
93,13,0.9488601163283701
93,14,0.9485840669729145
93,15,0.9502200676873896
93,16,0.9512762074791874
93,17,0.9499269683409074
93,18,0.9507275459316463
93,19,0.9503608511162164
